Model,Score
Linear Regression,0.7618254042736423
Random Forest Regression,0.8629064897819936
Decision Tree Regression,0.8618463447218458
Lasso Regression,0.7618255389520554
